observation_distance,batch_size,gamma,eps_start,eps_end,eps_decay,tau,lr,memory_size,current
1,512,0.3,0.9,0.1,5000,0.0001,0.001,1000,0.5662168915542228
1,512,0.3,0.9,0.1,5000,0.0001,0.001,1000000,0.5612193903048476
1,512,0.3,0.9,0.1,5000,0.0001,0.01,1000,0.5567216391804098
