observation_distance,batch_size,gamma,eps_start,eps_end,eps_decay,tau,lr,memory_size,current
1,512,0.3,0.9,0.1,5000,0.0001,0.001,1000,0.5407296351824088
1,512,0.3,0.9,0.1,5000,0.0001,0.001,1000000,0.5392303848075962
1,512,0.3,0.9,0.1,5000,0.0001,0.01,1000,0.592703648175912
1,512,0.3,0.9,0.1,5000,0.0001,0.01,1000000,0.5317341329335332
1,512,0.3,0.9,0.1,5000,0.0001,0.1,1000,0.5612193903048476
1,512,0.3,0.9,0.1,5000,0.0001,0.1,1000000,0.5737131434282858
